field,SNID,RA_deg,DEC_deg,z_cmb,peakmag_Z
ELAIS-N1,876614,239.33409,54.17291,0.2980,22.954
ELAIS-N1,1268288,242.97199,56.49409,0.4583,22.403
ELAIS-N1,1488530,243.27850,54.36491,0.5596,23.707
ELAIS-N1,3203711,242.65878,54.17291,0.3768,21.874
ELAIS-N1,892462,240.80711,55.74191,0.4876,23.606
ELAIS-N1,2030277,240.04564,55.70605,0.1588,23.349
ELAIS-N1,3302147,243.39038,55.78971,0.5548,22.580
